model, count, mean, std, min, 25%, 50%, 75%, max
amino-acid,10000.0,69.947085520496,0.9964834101667557,67.97904639251364,69.1235948676934,69.50538520594873,71.00637055359354,71.95522427946892
amino-acidNORM,10000.0,5762.817246349349,262.0020183080276,4391.8228495208605,5654.788703750879,5799.057098422239,5928.587367920109,6340.910704531554
