model, count, mean, std, min, 25%, 50%, 75%, max
Koonin,10000.0,58.196796666666664,10.007014023812205,23.299999999999994,51.466140350877204,58.53561403508775,65.36842105263162,87.959649122807
KooninNORM,10000.0,901.1437586854331,241.22104399685287,421.2406645328457,696.0561427136594,912.6197988111566,1060.3212656572828,1913.60246059208
