model, count, mean, std, min, 25%, 50%, 75%, max
neutral,10000.0,5.748512280701747,0.10323211820921054,5.684210526315782,5.684210526315783,5.684210526315783,5.85964912280701,6.035087719298239
neutralNORM,10000.0,2831.708888888887,57.60113280275664,2799.9999999999977,2799.9999999999977,2799.999999999998,2888.8888888888864,2999.9999999999977
