model, count, mean, std, min, 25%, 50%, 75%, max
PAM250,10000.0,-5.460431578947368,1.8514834564667044,-10.66666666666666,-6.771929824561403,-5.578947368421053,-4.280701754385966,3.964912280701754
PAM250NORM,10000.0,4074.3683613068647,789.4120584133202,1366.6666666666665,3450.681818181818,4105.0,4669.090909090908,6062.745098039213
