model, count, mean, std, min, 25%, 50%, 75%, max
SeqPredNN,10000.0,5.521767775255226,0.1032931478025403,5.313021165057325,5.455787049672418,5.486642054824468,5.57369444270171,5.873156998487413
SeqPredNNNORM,10000.0,2771.1511119791044,64.72354614270795,2610.216901763301,2726.528082602044,2760.3637307886765,2797.3221078129627,3014.9372015420595
