mode, count, mean, std, min, 25%, 50%, 75%, max
amino-acid,10000.0,69.9628691527912,1.0021635437027705,68.00852729312471,69.12101706911461,69.50996556192524,71.02596822300893,72.00226287631313
amino-acidNORM,10000.0,5764.777207690685,259.1338824731199,4242.239329818617,5655.322064543863,5799.991289792478,5928.984390531991,6329.456421780515
