mode, count, mean, std, min, 25%, 50%, 75%, max
amino-acid,100.0,69.86055657470084,1.0031519796745771,68.18793533896968,68.99279426428961,69.46541836399618,70.93801886159861,71.65336611692989
amino-acidNORM,100.0,5754.744446904439,244.64532115740124,4666.494280678455,5649.3935373552,5759.689113156219,5914.732293653826,6157.298158040879
