mode, count, mean, std, min, 25%, 50%, 75%, max
amino-acid,10000.0,69.9450786792857,0.9957372655853296,68.04054272038312,69.12003814449136,69.49703977989964,71.00688784748843,71.98889438536155
amino-acidNORM,10000.0,5764.58070528424,257.83431781974656,4188.367615536468,5653.353562420991,5796.284401716043,5927.400903768612,6327.1872665752135
