mode, count, mean, std, min, 25%, 50%, 75%, max
amino-acid,10000.0,69.95538971550421,0.9982024501641982,68.05407362318195,69.12436808558795,69.50330210674078,71.01839082306651,72.00296810906985
amino-acidNORM,10000.0,5765.171566270732,257.1528941381863,4321.4269355639,5653.817075454662,5798.847924590518,5927.278747473149,6350.1142651893715
