mode, count, mean, std, min, 25%, 50%, 75%, max
amino-acid,10000.0,69.93777353686495,0.9920194213606541,67.98223636936149,69.12014369371329,69.49779284525468,70.9953859515477,71.96361903499104
amino-acidNORM,10000.0,5760.264654618084,262.4696479373069,4259.088941475398,5655.232656102911,5793.728034710594,5925.504567987791,6363.816645645841
