mode, count, mean, std, min, 25%, 50%, 75%, max
amino-acid,10000.0,69.95165082600384,0.9992422178905046,68.06937944605161,69.12759933906898,69.50692783109696,71.0048370905451,71.97267626403884
amino-acidNORM,10000.0,5764.993748020428,262.5977398169933,4282.50058771686,5654.633560464152,5799.343245819591,5929.412401752638,6349.257673258811
