 , raw code cost, mean, min, max, NORM code cost, mean NORM, min NORM, max NORM
SeqPredNN primordial,70.15018147032896,0.9479754252747158,0.7894355431135466,0.9983449993167428,5615.806719881275,75.88927999839562,0.0,100.0
Koonin primordial,517.9000000000001,6.998648648648648,0.0,54.760000000000005,945.7633308984658,12.780585552681972,0.0,100.0
Higgs primordial,5608.0,75.78378378378379,0.0,169.0,3318.343195266272,44.842475611706384,0.0,100.0
Neutral primordial,74.0,1.0,1.0,1.0,0,0,0,0
Amino acid primordial,70.15018147032896,0.9479754252747158,0.7894355431135466,0.9983449993167428,5615.806719881275,75.88927999839562,0.0,100.0
PAM250 primordial,-100.0,-1.3513513513513513,-5.0,3.0,3375.0,45.608108108108105,0.0,100.0
