mode, count, mean, std, min, 25%, 50%, 75%, max
Higgs,100.0,541.7940350877193,43.066514789866886,386.9824561403507,509.57894736842104,542.8421052631579,570.8333333333333,635.4385964912279
HiggsNORM,100.0,2079.9798371248676,235.77583371847382,1590.3030303030305,1923.822281167109,2063.5957648172243,2184.9477520196697,2754.4715447154476
