mode, count, mean, std, min, 25%, 50%, 75%, max
Higgs,500.0,5561.794526315793,165.301203165933,4964.9824561403475,5453.5877192982525,5568.5614035087765,5676.149122807024,5962.6666666666715
HiggsNORM,500.0,18004.380171813726,1287.7754115952123,14150.199999999993,17488.514173661766,18437.591509563776,18902.159763313608,20760.123456790105
