mode, count, mean, std, min, 25%, 50%, 75%, max
Higgs,10000.0,545.3000035087719,39.881332844203136,341.78947368421035,520.5263157894736,548.0175438596491,572.8421052631578,667.017543859649
HiggsNORM,10000.0,2081.9487508935763,259.2929115917565,1298.3626440266826,1909.9169283097854,2034.5683247570041,2213.103003799106,3615.0943396226403
