mode, count, mean, std, min, 25%, 50%, 75%, max
Higgs,10000.0,5566.187950877196,158.71291672085158,4924.807017543859,5462.45614035088,5571.070175438605,5675.728070175445,6103.649122807016
HiggsNORM,10000.0,18007.392141819786,1292.4670591270446,14396.3,17413.993910829773,18443.284711710483,18915.620957754232,21044.625
