mode, count, mean, std, min, 25%, 50%, 75%, max
Higgs,10000.0,5569.5795719298285,158.52933124637474,4848.0701754386,5466.85964912281,5576.947368421055,5676.929824561406,6094.877192982464
HiggsNORM,10000.0,18027.02965603046,1288.0640616172411,13920.199999999999,17463.081395348836,18464.082840236686,18927.853065539137,20777.901234567875
