mode, count, mean, std, min, 25%, 50%, 75%, max
Higgs,10000.0,6894.5814,381.8587874953233,5606.0,6634.0,6906.0,7164.0,8064.0
HiggsNORM,10000.0,4051.6785959704353,235.46992227594964,3224.2038216560527,3889.0388864339375,4053.6912751677837,4214.3732143556035,4869.182389937104
