mode, count, mean, std, min, 25%, 50%, 75%, max
Higgs,10000.0,545.2208456140349,39.64017209108019,363.92982456140334,519.4035087719299,547.2982456140351,572.7719298245614,667.438596491228
HiggsNORM,10000.0,2085.3144576805935,261.47691918232084,1298.5915492957752,1908.8607594936711,2033.0258366568396,2217.007957559682,3305.2631578947376
