mode, count, mean, std, min, 25%, 50%, 75%, max
Higgs,10000.0,545.3554701754385,39.910060296733995,356.1754385964911,520.3859649122808,547.578947368421,573.1929824561404,664.0701754385964
HiggsNORM,10000.0,2087.797092163025,264.8752652363436,1323.1051344743282,1909.994976557267,2038.3123876812483,2219.298958521462,3499.036144578312
