mode, count, mean, std, min, 25%, 50%, 75%, max
Higgs,10000.0,544.699740350877,40.02935258071431,351.2631578947366,519.8508771929824,547.140350877193,573.0175438596492,664.7017543859648
HiggsNORM,10000.0,2078.9947365322805,264.6665019985791,1230.3067484662583,1899.14658108959,2029.8974245386771,2212.360397946086,3564.0236686390535
