sample code costs test, statistic, p-value
SeqPredNN vs Koonin,1.0,7.399507995628047e-300
SeqPredNN NORM vs Koonin NORM,1.0,7.399507995628047e-300
SeqPredNN vs Higgs,1.0,7.399507995628047e-300
SeqPredNN NORM vs Higgs NORM,1.0,7.399507995628047e-300
Higgs vs Koonin,1.0,7.399507995628047e-300
Higgs NORM vs Koonin NORM,1.0,7.399507995628047e-300
