sample code costs test, statistic, p-value
SeqPredNN vs Koonin,1.0,2.2087606931995054e-59
SeqPredNN NORM vs Koonin NORM,1.0,2.2087606931995054e-59
SeqPredNN vs Higgs,1.0,2.2087606931995054e-59
SeqPredNN NORM vs Higgs NORM,1.0,2.2087606931995054e-59
Higgs vs Koonin,1.0,2.2087606931995054e-59
Higgs NORM vs Koonin NORM,1.0,2.2087606931995054e-59
