mode, count, mean, std, min, 25%, 50%, 75%, max
Koonin,10000.0,580.4969976491224,39.58272216804135,392.58070175438553,555.0470175438588,582.1592982456139,607.6524561403505,720.1947368421052
KooninNORM,10000.0,5204.893824966004,407.9302044027921,3774.8971193415628,4940.424477975921,5183.0772748056625,5444.7077669989,7647.839053254459
