mode, count, mean, std, min, 25%, 50%, 75%, max
Koonin,10000.0,580.9308177543855,39.33135316298175,425.821754385964,555.1715789473676,582.0603508771926,608.2725438596493,705.1329824561394
KooninNORM,10000.0,5209.006517852976,412.9626917158953,3836.9486358786685,4942.67870751409,5189.32479804907,5448.401920438951,8129.62890625
