mode, count, mean, std, min, 25%, 50%, 75%, max
Koonin,10000.0,58.04886515789473,9.901630078303699,22.48666666666666,51.25473684210526,58.48087719298246,65.26859649122804,88.56666666666668
KooninNORM,10000.0,904.391653958663,240.46625021647634,404.56028044505416,698.2865559895833,913.897359999886,1062.9143056970884,1937.8449905482046
