mode, count, mean, std, min, 25%, 50%, 75%, max
Koonin,100.0,57.33194035087718,10.181815606644376,28.559649122807016,49.95956140350876,57.491052631578945,64.33254385964912,81.57824561403507
KooninNORM,100.0,912.6257932221778,236.1146445473454,482.3654930650815,750.2570128458271,931.2160749532989,1068.1527206218564,1447.1000000000004
