mode, count, mean, std, min, 25%, 50%, 75%, max
Koonin,10000.0,58.03316929824562,9.877884484759283,24.247719298245613,51.37438596491228,58.37719298245614,65.20491228070176,85.65017543859648
KooninNORM,10000.0,901.9779847939283,243.83841049531406,372.7572016460906,691.9669257735102,912.958509766731,1059.945130315501,1869.7731568998115
