mode, count, mean, std, min, 25%, 50%, 75%, max
Koonin,10000.0,58.00490961403509,9.874214996971883,24.356491228070173,51.147017543859654,58.45982456140352,65.24710526315789,86.20070175438596
KooninNORM,10000.0,901.1471287901644,240.6466411062799,358.9818625209571,695.2536647146533,911.516537113245,1062.4473103651555,2051.9031141868513
