mode, count, mean, std, min, 25%, 50%, 75%, max
Koonin,10000.0,57.807058385964915,9.906401772038606,21.460701754385966,51.007017543859654,58.17438596491229,64.88140350877194,85.95157894736845
KooninNORM,10000.0,901.4055954331491,241.21858742774862,384.55113549763746,693.9314056330418,910.9668315792868,1059.2821216278005,1953.5174227481912
