mode, count, mean, std, min, 25%, 50%, 75%, max
Koonin,500.0,581.3298133333329,38.53779257054903,457.80807017543884,554.8907894736838,580.7599999999994,608.3211403508764,697.4277192982456
KooninNORM,500.0,5191.66178198945,391.3979844683908,3979.2592592592596,4909.019966468528,5156.116445663763,5425.390970844283,6522.125603864735
