mode, count, mean, std, min, 25%, 50%, 75%, max
Koonin,10000.0,735.6914199999999,94.82707751315859,391.8600000000001,668.935,738.6899999999996,804.125,1023.9199999999997
KooninNORM,10000.0,1198.0611657647307,177.13556722864317,722.6642280140221,1080.9480262155157,1180.7956104252403,1288.7720762136844,2046.0826446280987
