mode, count, mean, std, min, 25%, 50%, 75%, max
neutral,10000.0,5.74743859649122,0.10348596755387886,5.684210526315782,5.684210526315783,5.684210526315783,5.859649122807009,6.035087719298239
neutralNORM,10000.0,2831.219999999998,57.79928015805598,2799.9999999999977,2799.9999999999977,2799.9999999999977,2888.8888888888864,2999.9999999999977
