mode, count, mean, std, min, 25%, 50%, 75%, max
neutral,100.0,5.743508771929818,0.09679378402900825,5.684210526315782,5.684210526315783,5.684210526315783,5.859649122807009,6.035087719298239
neutralNORM,100.0,2828.6666666666647,53.53636997955078,2799.9999999999977,2799.9999999999977,2799.999999999998,2888.8888888888864,2999.9999999999977
