mode, count, mean, std, min, 25%, 50%, 75%, max
neutral,10000.0,5.7471543859649055,0.10256589445681688,5.684210526315782,5.684210526315783,5.684210526315783,5.85964912280701,6.035087719298239
neutralNORM,10000.0,2831.06222222222,57.16347302032982,2799.9999999999977,2799.9999999999977,2799.9999999999977,2888.8888888888864,2999.9999999999977
