mode, count, mean, std, min, 25%, 50%, 75%, max
neutral,10000.0,5.746263157894729,0.10147417027140479,5.684210526315782,5.684210526315783,5.684210526315783,5.859649122807009,6.035087719298239
neutralNORM,10000.0,2830.4488888888864,56.546711641831024,2799.9999999999977,2799.9999999999977,2799.999999999998,2888.8888888888864,2999.9999999999977
