mode, count, mean, std, min, 25%, 50%, 75%, max
PAM250,10000.0,-5.445947368421053,1.8392651742070498,-10.982456140350873,-6.736842105263159,-5.543859649122808,-4.280701754385964,3.684210526315789
PAM250NORM,10000.0,4056.324137226186,782.6091590041111,1409.230769230769,3440.0000000000027,4085.934065934066,4635.0,6094.545454545458
