mode, count, mean, std, min, 25%, 50%, 75%, max
PAM250,10000.0,-5.418329824561404,1.842115624478995,-10.491228070175437,-6.7368421052631575,-5.543859649122806,-4.24561403508772,2.7719298245614037
PAM250NORM,10000.0,4054.5947894552364,794.7099207984927,1353.8461538461545,3435.5555555555575,4077.5,4642.857142857145,6086.792452830192
