mode, count, mean, std, min, 25%, 50%, 75%, max
PAM250,10000.0,-5.451014035087719,1.813586904399851,-10.315789473684216,-6.736842105263157,-5.578947368421051,-4.280701754385967,3.578947368421053
PAM250NORM,10000.0,4059.788421353555,795.1720855682202,1504.615384615385,3442.0,4097.777777777776,4651.428571428572,6134.615384615382
