mode, count, mean, std, min, 25%, 50%, 75%, max
PAM250,100.0,-5.623508771929824,1.7950755805318424,-9.33333333333333,-6.912280701754384,-5.736842105263159,-4.526315789473685,-0.7017543859649122
PAM250NORM,100.0,4103.461691641692,773.9237810788171,1828.5714285714296,3545.454545454545,4155.0,4595.714285714287,5934.545454545459
