mode, count, mean, std, min, 25%, 50%, 75%, max
PAM250,10000.0,-68.7886,17.475429868958607,-120.0,-82.0,-70.0,-56.0,-8.0
PAM250NORM,10000.0,3432.2224365079364,434.99456438999835,2000.0,3060.0,3475.0,3750.0,4933.333333333334
