mode, count, mean, std, min, 25%, 50%, 75%, max
PAM250,10000.0,-5.427098245614034,1.8281640483653248,-10.877192982456139,-6.7368421052631575,-5.5438596491228065,-4.271929824561402,2.982456140350877
PAM250NORM,10000.0,4070.9638585110133,790.0389769678915,1495.3846153846152,3454.5454545454545,4105.0,4650.0,6301.960784313722
