mode, count, mean, std, min, 25%, 50%, 75%, max
SeqPredNN,100.0,5.524421251483884,0.11057553094691713,5.34054567314318,5.464299596143748,5.482760342806072,5.5754190240430015,5.857715987183554
SeqPredNNNORM,100.0,2772.8941820440123,67.53793824052455,2628.661264233948,2726.8646349616492,2761.1554378480196,2792.998006284565,2996.2056572300216
