mode, count, mean, std, min, 25%, 50%, 75%, max
SeqPredNN,10000.0,5.522760039784048,0.10495705073255061,5.285856035752572,5.4550915695854325,5.487305424531177,5.58609224133408,5.870979121616589
SeqPredNNNORM,10000.0,2771.5366021213854,65.38450871125912,2607.0154897122793,2726.033362167663,2760.9940088526655,2798.8545399405084,3008.2649239825264
