mode, count, mean, std, min, 25%, 50%, 75%, max
SeqPredNN,10000.0,55.29665096202174,0.3104878869440042,53.65955445436682,55.09975468930967,55.308603845399965,55.502829799382226,56.67421929094519
SeqPredNNNORM,10000.0,30276.83330245994,614.6727409296126,28821.032687190003,29809.31249334034,30058.226147026224,30829.8812784863,32059.966430237033
