mode, count, mean, std, min, 25%, 50%, 75%, max
SeqPredNN,10000.0,69.94739965682521,0.9949696379266796,67.9931889752554,69.12510133863363,69.50197926592688,71.01297086045058,71.9855546748783
SeqPredNNNORM,10000.0,5764.667059311652,265.2229133068269,4311.576735101757,5658.397507581582,5802.190067097985,5932.086372005963,6339.580611792812
