mode, count, mean, std, min, 25%, 50%, 75%, max
SeqPredNN,10000.0,5.5220547802672595,0.10377728828480884,5.293252001800177,5.4560770270986705,5.486543370370167,5.574850106991746,5.873862539054031
SeqPredNNNORM,10000.0,2771.037138597175,64.23718201349297,2619.459054319158,2726.7916501372742,2760.910118041501,2796.999113809774,3008.099414599475
