mode, count, mean, std, min, 25%, 50%, 75%, max
SeqPredNN,10000.0,55.28913274012342,0.30800418913683103,53.905517642710294,55.09580520136178,55.302491296088355,55.494333277483015,56.564818354054935
SeqPredNNNORM,10000.0,30291.083527052175,614.4508290461212,28910.884843939,29814.228660759658,30072.40744114888,30849.960128361297,32010.092887288356
