mode, count, mean, std, min, 25%, 50%, 75%, max
SeqPredNN,10000.0,5.521521821255551,0.10436937536682582,5.3033357646924095,5.454901283454333,5.485829613410216,5.573506111509998,5.871245098679403
SeqPredNNNORM,10000.0,2771.2042871149865,64.67930852579252,2606.3055443666644,2726.0333881586594,2761.3279215002267,2797.6085376513433,3010.206418879557
