mode, count, mean, std, min, 25%, 50%, 75%, max
SeqPredNN,500.0,55.263798902894486,0.33749773567983166,54.02990729492527,55.06642864188722,55.29642693450609,55.47443704064381,56.26075254055273
SeqPredNNNORM,500.0,30230.582985578054,603.2540378642061,29105.029158611196,29795.308688515644,30025.48893682407,30752.699240180304,31736.304294052166
