mode, count, mean, std, min, 25%, 50%, 75%, max
SeqPredNN,10000.0,55.29400411448004,0.31234665279026,53.754918008230526,55.09817858223765,55.30882404562536,55.5050641022484,56.53131482965313
SeqPredNNNORM,10000.0,30290.23895427217,617.7630781279967,28846.652085627335,29815.682452495043,30071.68148617303,30859.735888150626,31894.587575239024
