mode, count, mean, std, min, 25%, 50%, 75%, max
SeqPredNN,10000.0,5.5221795011060735,0.10369201427010047,5.323073782304787,5.455890097197259,5.487964506177201,5.5773936280628,5.868809527887385
SeqPredNNNORM,10000.0,2771.3307454149253,64.77665408664637,2627.450986200806,2726.5358615304017,2761.233607563437,2798.3099887832973,3021.2148024462304
