model, count, mean, std, min, 25%, 50%, 75%, max
Koonin,10000.0,581.4311843508767,39.108907939838794,395.95192982456075,556.299298245614,582.8575438596481,608.0992982456129,727.5308771929823
KooninNORM,10000.0,5212.05742825796,410.21668675806416,3803.8683127572012,4942.1864045115035,5188.167962200877,5448.125834748944,7986.290174471992
