model, count, mean, std, min, 25%, 50%, 75%, max
neutral,10000.0,58.09494385964917,0.15578147738145065,58.00000000000003,58.00000000000006,58.00000000000006,58.17543859649128,59.05263157894743
neutralNORM,10000.0,30983.853333333434,87.6012470192588,30933.33333333343,30933.333333333434,30933.333333333434,31022.222222222324,31533.333333333434
