 ,UU,UC,UA,UG,CU,CC,CA,CG,AU,AC,AA,AG,GU,GC,GA,GG
UU,*,72.7810650887574,-,-,0.0,-,-,-,7.100591715976331,-,-,-,11.834319526627219,-,-,-
UC,72.7810650887574,*,-,-,-,33.72781065088758,-,-,-,28.402366863905325,-,-,-,24.2603550295858,-,-
UA,-,-,-,-,-,-,-,-,-,-,-,-,-,-,-,-
UG,-,-,-,-,-,-,-,-,-,-,-,-,-,-,-,-
CU,0.0,-,-,-,*,57.98816568047337,63.31360946745562,86.98224852071006,7.100591715976331,-,-,-,11.834319526627219,-,-,-
CC,-,33.72781065088758,-,-,57.98816568047337,*,42.01183431952663,62.1301775147929,-,13.609467455621301,-,-,-,40.23668639053255,-,-
CA,-,-,-,-,63.31360946745562,42.01183431952663,*,37.8698224852071,-,-,34.9112426035503,-,-,-,51.4792899408284,-
CG,-,-,-,-,86.98224852071006,62.1301775147929,37.8698224852071,*,-,-,-,74.55621301775149,-,-,-,100.0
AU,7.100591715976331,-,-,-,7.100591715976331,-,-,-,*,56.213017751479285,85.79881656804734,77.51479289940828,13.017751479289942,-,-,-
AC,-,28.402366863905325,-,-,-,13.609467455621301,-,-,56.213017751479285,*,35.50295857988166,28.402366863905325,-,30.17751479289941,-,-
AA,-,-,-,-,-,-,34.9112426035503,-,85.79881656804734,35.50295857988166,*,33.72781065088758,-,-,23.668639053254438,-
AG,-,-,-,-,-,-,-,74.55621301775149,77.51479289940828,28.402366863905325,33.72781065088758,*,-,-,-,31.952662721893493
GU,11.834319526627219,-,-,-,11.834319526627219,-,-,-,13.017751479289942,-,-,-,*,53.25443786982249,92.3076923076923,89.94082840236686
GC,-,24.2603550295858,-,-,-,40.23668639053255,-,-,-,30.17751479289941,-,-,53.25443786982249,*,63.31360946745562,37.8698224852071
GA,-,-,-,-,-,-,51.4792899408284,-,-,-,23.668639053254438,-,92.3076923076923,63.31360946745562,*,65.68047337278107
GG,-,-,-,-,-,-,-,100.0,-,-,-,31.952662721893493,89.94082840236686,37.8698224852071,65.68047337278107,*
