 ,UU,UC,UA,UG,CU,CC,CA,CG,AU,AC,AA,AG,GU,GC,GA,GG
UU,*,12.34477720964207,-,-,0.0,-,-,-,0.0,-,-,-,0.8948137326515686,-,-,-
UC,12.34477720964207,*,-,-,-,1.479181884587291,-,-,-,1.479181884587291,-,-,-,0.4565376186997808,-,-
UA,-,-,-,-,-,-,-,-,-,-,-,-,-,-,-,-
UG,-,-,-,-,-,-,-,-,-,-,-,-,-,-,-,-
CU,0.0,-,-,-,*,5.2775748721694615,22.370343316289258,32.21329437545653,0.0,-,-,-,0.8948137326515686,-,-,-
CC,-,1.479181884587291,-,-,5.2775748721694615,*,5.916727538349164,11.413440467494521,-,0.0,-,-,-,0.2921840759678602,-,-
CA,-,-,-,-,22.370343316289258,5.916727538349164,*,0.8948137326515686,-,-,4.674945215485753,-,-,-,38.641344046749445,-
CG,-,-,-,-,32.21329437545653,11.413440467494521,0.8948137326515686,*,-,-,-,4.674945215485753,-,-,-,2.6296566837107345
AU,0.0,-,-,-,0.0,-,-,-,*,5.2775748721694615,47.498173849525195,12.34477720964207,0.8948137326515686,-,-,-
AC,-,1.479181884587291,-,-,-,0.0,-,-,5.2775748721694615,*,21.11029948867787,1.479181884587291,-,0.2921840759678602,-,-
AA,-,-,-,-,-,-,4.674945215485753,-,47.498173849525195,21.11029948867787,*,11.413440467494521,-,-,16.43535427319211,-
AG,-,-,-,-,-,-,-,4.674945215485753,12.34477720964207,1.479181884587291,11.413440467494521,*,-,-,-,0.2921840759678602
GU,0.8948137326515686,-,-,-,0.8948137326515686,-,-,-,0.8948137326515686,-,-,-,*,3.5792549306062833,100.0,9.660336011687368
GC,-,0.4565376186997808,-,-,-,0.2921840759678602,-,-,-,0.2921840759678602,-,-,3.5792549306062833,*,65.74141709276844,1.479181884587291
GA,-,-,-,-,-,-,38.641344046749445,-,-,-,16.43535427319211,-,100.0,65.74141709276844,*,47.498173849525195
GG,-,-,-,-,-,-,-,2.6296566837107345,-,-,-,0.2921840759678602,9.660336011687368,1.479181884587291,47.498173849525195,*
