 ,UU,UC,UA,UG,CU,CC,CA,CG,AU,AC,AA,AG,GU,GC,GA,GG
UU,*,2.8899999999999975,-,-,0.0,-,-,-,0.0,-,-,-,0.489999999999999,-,-,-
UC,2.8899999999999975,*,-,-,-,0.0,-,-,-,0.16000000000000028,-,-,-,0.8100000000000006,-,-
UA,-,-,-,-,-,-,-,-,-,-,-,-,-,-,-,-
UG,-,-,-,-,-,-,-,-,-,-,-,-,-,-,-,-
CU,0.0,-,-,-,*,2.8899999999999975,12.25,17.639999999999993,0.0,-,-,-,0.489999999999999,-,-,-
CC,-,0.0,-,-,2.8899999999999975,*,3.2400000000000024,6.25,-,0.16000000000000028,-,-,-,0.8100000000000006,-,-
CA,-,-,-,-,12.25,3.2400000000000024,*,0.489999999999999,-,-,2.5599999999999987,-,-,-,21.159999999999997,-
CG,-,-,-,-,17.639999999999993,6.25,0.489999999999999,*,-,-,-,2.5599999999999987,-,-,-,1.4399999999999984
AU,0.0,-,-,-,0.0,-,-,-,*,4.409999999999998,26.009999999999998,6.759999999999998,0.489999999999999,-,-,-
AC,-,0.16000000000000028,-,-,-,0.16000000000000028,-,-,4.409999999999998,*,9.0,0.25,-,0.25,-,-
AA,-,-,-,-,-,-,2.5599999999999987,-,26.009999999999998,9.0,*,6.25,-,-,9.0,-
AG,-,-,-,-,-,-,-,2.5599999999999987,6.759999999999998,0.25,6.25,*,-,-,-,0.16000000000000028
GU,0.489999999999999,-,-,-,0.489999999999999,-,-,-,0.489999999999999,-,-,-,*,3.610000000000001,54.760000000000005,5.290000000000004
GC,-,0.8100000000000006,-,-,-,0.8100000000000006,-,-,-,0.25,-,-,3.610000000000001,*,30.25,0.16000000000000028
GA,-,-,-,-,-,-,21.159999999999997,-,-,-,9.0,-,54.760000000000005,30.25,*,26.009999999999998
GG,-,-,-,-,-,-,-,1.4399999999999984,-,-,-,0.16000000000000028,5.290000000000004,0.16000000000000028,26.009999999999998,*
