model, count, mean, std, min, 25%, 50%, 75%, max
amino-acid,10000.0,497.63373961597244,2.389671264723341,486.62499502220135,496.08955530265297,497.6849129820044,499.2545392240512,506.96945615512027
amino-acidNORM,10000.0,48384.604516591105,1906.8565708817955,41203.61184882503,48599.302900139206,49139.22381880297,49403.557385707274,50104.23710314456
