model, count, mean, std, min, 25%, 50%, 75%, max
Higgs,10000.0,5568.272557894739,158.39573962694016,4751.789473684211,5464.131578947374,5573.842105263164,5678.280701754395,6086.140350877196
HiggsNORM,10000.0,18021.444761781746,1283.7042232558676,14244.500000000002,17452.441860465107,18455.072932434297,18932.15064057929,20939.506172839494
