model, count, mean, std, min, 25%, 50%, 75%, max
PAM250,10000.0,-62.712400000000024,9.662014168012963,-98.21052631578958,-69.19298245614031,-63.08771929824562,-56.52631578947377,-23.438596491228058
PAM250NORM,10000.0,21863.855386167514,3687.5327259640517,10052.727272727265,20197.2159090909,22453.137254901976,24830.769230769216,33778.18181818178
