model, count, mean, std, min, 25%, 50%, 75%, max
SeqPredNN,10000.0,55.287426943824464,0.3090341227564247,53.85308368741151,55.088766641862165,55.302266015334496,55.49545162418946,56.40505911698744
SeqPredNNNORM,10000.0,30281.841898858678,615.6541437307708,28925.273927270773,29812.803969830253,30056.191000234256,30845.322228670568,31869.925035791028
