mode, count, mean, std, min, 25%, 50%, 75%, max
SeqPredNN,10000.0,55.28735675293825,0.3115910961179865,53.57970295737169,55.08956619962805,55.29594329113416,55.497694664904486,56.46030631656694
SeqPredNNNORM,10000.0,30281.799431548818,615.553473089059,28917.436688259113,29810.367472887006,30060.92384392729,30845.774613013833,31788.263580357856
