 ,UU,UC,UA,UG,CU,CC,CA,CG,AU,AC,AA,AG,GU,GC,GA,GG
UU,*,-0.08771929824561403,-,-,0.0,-,-,-,0.0,-,-,-,-0.43859649122807015,-,-,-
UC,-0.08771929824561403,*,-,-,-,-0.5263157894736842,-,-,-,0.0,-,-,-,-0.17543859649122806,-,-
UA,-,-,-,-,-,-,-,-,-,-,-,-,-,-,-,-
UG,-,-,-,-,-,-,-,-,-,-,-,-,-,-,-,-
CU,0.0,-,-,-,*,-0.17543859649122806,0.017543859649122806,-0.017543859649122806,0.2631578947368421,-,-,-,-0.2631578947368421,-,-,-
CC,-,-0.5263157894736842,-,-,-0.17543859649122806,*,-0.03508771929824561,-0.05263157894736842,-,-0.17543859649122806,-,-,-,0.17543859649122806,-,-
CA,-,-,-,-,0.017543859649122806,-0.03508771929824561,*,-0.17543859649122806,-,-,0.0,-,-,-,0.0,-
CG,-,-,-,-,-0.017543859649122806,-0.05263157894736842,-0.17543859649122806,*,-,-,-,-0.17543859649122806,-,-,-,-0.2631578947368421
AU,0.0,-,-,-,0.2631578947368421,-,-,-,*,-0.08771929824561403,0.0,0.0,-0.5263157894736842,-,-,-
AC,-,0.0,-,-,-,-0.17543859649122806,-,-,-0.08771929824561403,*,0.017543859649122806,-0.03508771929824561,-,-0.3508771929824561,-,-
AA,-,-,-,-,-,-,0.0,-,0.0,0.017543859649122806,*,-0.17543859649122806,-,-,0.3508771929824561,-
AG,-,-,-,-,-,-,-,-0.17543859649122806,0.0,-0.03508771929824561,-0.17543859649122806,*,-,-,-,-0.5263157894736842
GU,-0.43859649122807015,-,-,-,-0.2631578947368421,-,-,-,-0.5263157894736842,-,-,-,*,0.08771929824561403,-0.08771929824561403,-0.08771929824561403
GC,-,-0.17543859649122806,-,-,-,0.17543859649122806,-,-,-,-0.3508771929824561,-,-,0.08771929824561403,*,-0.03508771929824561,-0.05263157894736842
GA,-,-,-,-,-,-,0.0,-,-,-,0.3508771929824561,-,-0.08771929824561403,-0.03508771929824561,*,-0.08771929824561403
GG,-,-,-,-,-,-,-,-0.2631578947368421,-,-,-,-0.5263157894736842,-0.08771929824561403,-0.05263157894736842,-0.08771929824561403,*
