model, count, mean, std, min, 25%, 50%, 75%, max
Higgs,10000.0,544.9078877192982,39.58515334619441,349.578947368421,519.6140350877191,547.4736842105264,572.8421052631577,661.8245614035092
HiggsNORM,10000.0,2084.2657403009825,266.267364536681,1328.9570552147238,1905.6928456159228,2033.827329902802,2212.1590368325874,3469.1764705882356
