code cost test, Null hypothesis, Alternative hypothesis, correlation, p-value
SeqPredNN vs Koonin, corr == 0, corr != 0,0.9986365924736228,4.41860482730041e-94
SeqPredNN vs Koonin, corr >= 0, corr < 0,0.9986365924736228,1.0
SeqPredNN vs Koonin, corr <= 0, corr > 0,0.9986365924736228,2.209302413650205e-94
SeqPredNN vs Higgs, corr == 0, corr != 0,0.9995852470514542,1.1122433132551738e-112
SeqPredNN vs Higgs, corr >= 0, corr < 0,0.9995852470514542,1.0
SeqPredNN vs Higgs, corr <= 0, corr > 0,0.9995852470514542,5.561216566275869e-113
Higgs vs Koonin, corr == 0, corr != 0,0.9986949671034241,9.153030302731148e-95
Higgs vs Koonin, corr >= 0, corr < 0,0.9986949671034241,1.0
Higgs vs Koonin, corr <= 0, corr > 0,0.9986949671034241,4.576515151365574e-95
