 ,UU,UC,UA,UG,CU,CC,CA,CG,AU,AC,AA,AG,GU,GC,GA,GG
UU,*,0.08475933560000942,-,-,0.15856070067036213,-,-,-,0.07928035033518106,-,-,-,0.07118904531708363,-,-,-
UC,0.08757412274708269,*,-,-,-,0.17459684497680786,-,-,-,0.08711728608656667,-,-,-,0.08695612796434382,-,-
UA,-,-,-,-,-,-,-,-,-,-,-,-,-,-,-,-
UG,-,-,-,-,-,-,-,-,-,-,-,-,-,-,-,-
CU,0.14975153483555573,-,-,-,*,0.08490810336359433,0.017310977163656004,0.01715947317782492,0.07041641776236023,-,-,-,0.0805859855794005,-,-,-
CC,-,0.16673722436723584,-,-,0.08427291182698894,*,0.017243319570116045,0.017233718364025933,-,0.08470496610104399,-,-,-,0.08408758622106352,-,-
CA,-,-,-,-,0.01670926782527028,0.016592530614465587,*,0.0856064075523165,-,-,0.0813806261657214,-,-,-,0.08186659102517985,-
CG,-,-,-,-,0.01654583623935001,0.016468009869980073,0.08530593246467132,*,-,-,-,0.08563769230845981,-,-,-,0.08631118973569965
AU,0.07487576741777786,-,-,-,0.07041641776236023,-,-,-,*,0.08464461817084462,0.017277492587077396,0.017416508472627112,0.161171971158801,-,-,-
AC,-,0.08028126636727326,-,-,-,0.08531895056294134,-,-,0.08234507505265386,*,0.017172552384560807,0.017037788203305215,-,0.17037788203305215,-,-
AA,-,-,-,-,-,-,0.08473351321045623,-,0.01703839325343986,0.016953418833368376,*,0.08537447146494731,-,-,0.14414114513981358,-
AG,-,-,-,-,-,-,-,0.0863452238583606,0.01709932393526851,0.016267027449275013,0.08443762608264982,*,-,-,-,0.16804778758923933
GU,0.06924873185206548,-,-,-,0.0813816063776094,-,-,-,0.1627632127552188,-,-,-,*,0.08724122833141583,0.017311181541520327,0.01748011699389638
GC,-,0.08030936303347305,-,-,-,0.07955941034592448,-,-,-,0.16267027449275012,-,-,0.08542011443573358,*,0.016187904924118878,0.016804778758923933
GA,-,-,-,-,-,-,0.08574263579300094,-,-,-,0.15929037711963925,-,0.017350538881639357,0.016977463716320425,*,0.08519362177131
GG,-,-,-,-,-,-,-,0.08733404008279064,-,-,-,0.17192975813758232,0.01739523634924051,0.01719297581375823,0.08521179899620321,*
