mode, count, mean, std, min, 25%, 50%, 75%, max
amino-acid,10000.0,69.93226130938959,0.9889469235033919,68.06912337665237,69.11516788128522,69.49401467189328,70.98272289981652,72.00687655122509
amino-acidNORM,10000.0,5764.159008445771,259.4886990772621,4303.882178476252,5656.0638556411795,5798.359063069061,5925.731107431709,6340.158207071594
