mode, count, mean, std, min, 25%, 50%, 75%, max
amino-acid,10000.0,69.93998242192202,0.993111748071046,67.96406839907429,69.12082870365019,69.50044779080385,70.98965534338257,71.96840254906769
amino-acidNORM,10000.0,5763.484698569353,255.95782698819363,4278.895771163833,5650.379606797006,5795.503343686505,5927.738553484986,6324.458849384705
