mode, count, mean, std, min, 25%, 50%, 75%, max
amino-acid,100.0,69.99582022362966,0.984737072862566,68.64738031963795,69.12454560670129,69.50925000231385,71.04057154925985,71.84891371304843
amino-acidNORM,100.0,5765.6769701343765,267.31971568272445,4804.675950689162,5694.867100242414,5807.283789843634,5915.20605985233,6173.120617089195
