 , raw code cost, mean, min, max, NORM code cost, mean NORM, min NORM, max NORM
SeqPredNN primordial,5.460336441649406,0.07378833029255952,0.015911882069184896,0.17391225592868764,2710.66268003779,36.630576757267406,0.0,100.0
Koonin primordial,23.629122807017534,0.3193124703651019,0.0,2.2815789473684207,1035.6478277585543,13.99524091565614,0.0,100.0
Higgs primordial,356.0701754385966,4.811759127548601,0.0,14.82456140350877,2401.8934911242604,32.45802015032785,0.0,100.0
Neutral primordial,5.85964912280701,0.07918444760550024,0.017543859649122806,0.17543859649122806,2888.888888888887,39.03903903903904,0.0,100.0
Amino acid primordial,70.16198878746005,0.948134983614325,0.7894355431135466,0.9991952748971319,5598.6716312042,75.65772474600267,0.0,100.0
PAM250 primordial,-7.052631578947369,-0.0953058321479374,-0.8771929824561403,0.5263157894736842,4122.5,55.70945945945946,0.0,100.0
