mode, count, mean, std, min, 25%, 50%, 75%, max
Higgs,10000.0,543.7393228070174,40.282457374936136,375.6140350877192,518.1666666666665,546.3508771929824,572.0350877192983,666.1754385964912
HiggsNORM,10000.0,2084.8156605422214,264.5568617694319,1277.0414201183441,1902.5134892086332,2037.1257485029937,2224.9402856777074,3525.227272727272
