mode, count, mean, std, min, 25%, 50%, 75%, max
Higgs,10000.0,544.7140947368421,40.153298427866,353.61403508771923,519.8859649122804,547.0350877192982,572.1754385964912,656.4912280701757
HiggsNORM,10000.0,2083.3500968939807,264.07843260707153,1291.4792899408287,1904.644412191582,2034.3712680014048,2217.9055583827517,3533.1764705882356
