mode, count, mean, std, min, 25%, 50%, 75%, max
Higgs,100.0,547.858596491228,37.889858788756015,447.9298245614033,528.0087719298247,551.3157894736842,572.4122807017543,633.9649122807019
HiggsNORM,100.0,2091.889323235986,293.3958013482594,1564.002599090318,1920.2649418144836,2029.1354511631712,2211.736053288926,2977.551020408163
