mode, count, mean, std, min, 25%, 50%, 75%, max
Koonin,10000.0,58.13936431578947,9.860265052950437,21.862105263157893,51.38377192982456,58.55719298245612,65.26859649122805,87.93157894736844
KooninNORM,10000.0,899.5977673278509,241.35751855815911,407.46532540771193,688.8671782556634,913.8637402834936,1062.3090992226796,2148.7528344671214
