mode, count, mean, std, min, 25%, 50%, 75%, max
Koonin,10000.0,58.06737361403509,9.945201976521103,22.83473684210526,51.18114035087719,58.501929824561415,65.29131578947369,88.07999999999998
KooninNORM,10000.0,902.9226550665543,242.92129857609658,364.88949855205004,692.6527968297517,915.1279103767172,1061.812392511269,1884.4444444444428
