mode, count, mean, std, min, 25%, 50%, 75%, max
Koonin,100.0,55.88340350877193,10.529418810105012,32.43684210526317,47.99105263157895,55.91245614035087,65.07122807017545,78.93754385964913
KooninNORM,100.0,934.0310720999131,265.74036858051363,505.9998475261112,722.802641640796,919.3571782181164,1067.480079508138,1748.852892561983
