mode, count, mean, std, min, 25%, 50%, 75%, max
neutral,10000.0,5.748403508771922,0.10267152306268038,5.684210526315782,5.684210526315783,5.684210526315783,5.85964912280701,6.035087719298239
neutralNORM,10000.0,2831.6555555555537,57.202099358150534,2799.9999999999977,2799.9999999999977,2799.999999999998,2888.8888888888864,2999.9999999999977
