mode, count, mean, std, min, 25%, 50%, 75%, max
neutral,10000.0,5.746628070175431,0.10213637987429477,5.684210526315782,5.684210526315783,5.684210526315783,5.859649122807009,6.035087719298239
neutralNORM,10000.0,2830.693333333331,56.9589132159499,2799.9999999999977,2799.9999999999977,2799.9999999999977,2888.8888888888864,2999.9999999999977
