mode, count, mean, std, min, 25%, 50%, 75%, max
neutral,100.0,5.724912280701749,0.09205584186694012,5.684210526315782,5.684210526315782,5.684210526315783,5.719298245614028,6.035087719298239
neutralNORM,100.0,2819.111111111109,51.901851794788016,2799.9999999999977,2799.9999999999977,2799.9999999999977,2799.999999999998,2999.9999999999977
