mode, count, mean, std, min, 25%, 50%, 75%, max
PAM250,10000.0,-5.417242105263157,1.824037728777854,-10.877192982456135,-6.701754385964914,-5.543859649122806,-4.245614035087719,3.684210526315789
PAM250NORM,10000.0,4072.356516300953,782.0087899441763,1550.76923076923,3450.6818181818176,4114.833333333334,4655.0,6123.076923076922
