mode, count, mean, std, min, 25%, 50%, 75%, max
SeqPredNN,10000.0,5.522964644000451,0.10441954155010422,5.278228824423575,5.456239983630844,5.48780125320118,5.578868728071372,5.8766238414771985
SeqPredNNNORM,10000.0,2771.475273944398,65.05998874678005,2597.3348164605713,2727.05395093494,2760.264260428264,2798.096154171213,3006.3032593709886
