mode, count, mean, std, min, 25%, 50%, 75%, max
SeqPredNN,100.0,5.520775550297556,0.09445448203133307,5.384868311526374,5.461268778656656,5.489012827131221,5.551833590020882,5.810568838539043
SeqPredNNNORM,100.0,2769.8327297085466,61.64710316552622,2649.604274931215,2727.4677544911033,2759.90983709937,2801.945633840276,2960.744079836302
