mode, count, mean, std, min, 25%, 50%, 75%, max
SeqPredNN,10000.0,5.523872956626444,0.105074267965851,5.280660110253721,5.456177460596927,5.488774480572239,5.584573860753202,5.873629445135528
SeqPredNNNORM,10000.0,2772.5326807438805,65.50454162756337,2588.951933496319,2727.5328244212487,2761.030947897046,2798.9160692230053,3006.9357898012513
