 ,UU,UC,CU,CC,CA,CG,AU,AC,AA,AG,GU,GC,GA,GG
UU,*,0.9927409829397454,0.8027471624909066,-,-,-,0.8535837485626677,-,-,-,0.9186802356051658,-,-,-
UC,0.9746614643103052,*,-,0.9155267385815928,-,-,-,0.9069772779435391,-,-,-,0.9272205646086757,-,-
CU,0.8027471624909066,-,*,0.9492963916114548,0.9867256983283923,0.9780899711360205,0.8535837485626677,-,-,-,0.9186802356051658,-,-,-
CC,-,0.9912998587935197,0.9953234843078604,*,0.9982842653467151,0.9991952748971319,-,0.9952020163678049,-,-,-,0.9931370613868602,-,-
CA,-,-,0.9524282660404059,0.9426128323246922,*,0.975913046096408,-,-,0.927739138289224,-,-,-,0.9332791376870503,-
CG,-,-,0.9431126656429506,0.9337428197690951,0.972487630097253,*,-,-,-,0.976269692316442,-,-,-,0.983947562986976
AU,0.9037959938210641,-,0.9037959938210641,-,-,-,*,0.955329332219099,0.9926941679961508,0.9948340044062903,0.8115551166147534,-,-,-
AC,-,0.9585984829201242,-,0.9504021788932444,-,-,0.949842182965942,*,0.9763274448913098,0.9585984829201242,-,0.9656366135519014,-,-
AA,-,-,-,-,0.965962050599201,-,0.9768142476697736,0.9515978695073236,*,0.9732689747003994,-,-,0.8216045272969374,-
AG,-,-,-,-,-,0.984335551985311,0.9821322010557724,0.9069772779435391,0.962588937342208,*,-,-,-,0.9578723892586642
GU,0.9277503127047472,-,0.9277503127047472,-,-,-,0.7894355431135466,-,-,-,*,0.9771080270812238,0.9867373478666587,0.9963666686520937
GC,-,0.9711539275883972,-,0.9152064365869151,-,-,-,0.9726360364175313,-,-,0.9602032606394241,*,0.9673089138259581,0.9640398052085539
GA,-,-,-,-,0.9774660480402108,-,-,-,0.9079551495819438,-,0.9889807162534435,0.9743729157604756,*,0.9712072881929341
GG,-,-,-,-,-,0.9956080569438134,-,-,-,0.9799996213842193,0.9915284719067091,0.947959260941996,0.9714145085567166,*
