 ,UU,UC,CU,CC,CA,CG,AU,AC,AA,AG,GU,GC,GA,GG
UU,*,72.7810650887574,0.0,-,-,-,7.100591715976331,-,-,-,11.834319526627219,-,-,-
UC,72.7810650887574,*,-,67.45562130177515,-,-,-,28.402366863905325,-,-,-,24.2603550295858,-,-
CU,0.0,-,*,57.98816568047337,12.662721893491124,17.396449704142015,7.100591715976331,-,-,-,11.834319526627219,-,-,-
CC,-,67.45562130177515,57.98816568047337,*,8.402366863905325,12.42603550295858,-,13.609467455621305,-,-,-,40.23668639053255,-,-
CA,-,-,12.662721893491124,8.402366863905325,*,37.8698224852071,-,-,34.9112426035503,-,-,-,51.4792899408284,-
CG,-,-,17.396449704142015,12.42603550295858,37.8698224852071,*,-,-,-,74.55621301775149,-,-,-,100.0
AU,7.100591715976331,-,7.100591715976331,-,-,-,*,56.213017751479285,17.15976331360947,15.502958579881659,26.035502958579883,-,-,-
AC,-,28.402366863905325,-,13.609467455621305,-,-,56.213017751479285,*,7.100591715976331,5.680473372781066,-,60.355029585798825,-,-
AA,-,-,-,-,34.9112426035503,-,17.15976331360947,7.100591715976331,*,33.72781065088758,-,-,47.337278106508876,-
AG,-,-,-,-,-,74.55621301775149,15.502958579881659,5.680473372781066,33.72781065088758,*,-,-,-,63.905325443786985
GU,11.834319526627219,-,11.834319526627219,-,-,-,26.035502958579883,-,-,-,*,53.25443786982249,18.46153846153846,17.988165680473372
GC,-,24.2603550295858,-,40.23668639053255,-,-,-,60.355029585798825,-,-,53.25443786982249,*,12.662721893491124,7.573964497041421
GA,-,-,-,-,51.4792899408284,-,-,-,47.337278106508876,-,18.46153846153846,12.662721893491124,*,65.68047337278107
GG,-,-,-,-,-,100.0,-,-,-,63.905325443786985,17.988165680473372,7.573964497041421,65.68047337278107,*
