mode, count, mean, std, min, 25%, 50%, 75%, max
amino-acid,10000.0,69.94797116584519,0.9973737700115378,68.1249831981509,69.12251428340592,69.5128255701779,71.00925982828826,71.98064881678329
amino-acidNORM,10000.0,5766.994675887804,254.57390137104832,4280.0788488535845,5655.662112186528,5798.934366170099,5924.912866354263,6346.448432498533
