mode, count, mean, std, min, 25%, 50%, 75%, max
Higgs,10000.0,544.3300456140349,39.567987999380584,372.1052631578947,518.798245614035,546.6140350877192,571.578947368421,668.7719298245613
HiggsNORM,10000.0,2078.808102708857,263.44277819859633,1402.7895694360213,1901.5129740271032,2027.892946652345,2214.2124364582105,3508.60465116279
