mode, count, mean, std, min, 25%, 50%, 75%, max
Koonin,10000.0,58.11247428070176,9.921484699183017,25.631929824561404,51.33184210526317,58.556315789473686,65.29543859649121,86.64315789473686
KooninNORM,10000.0,902.4722983706092,241.72750239213812,402.73433927754894,697.2489979355939,913.3411885514308,1059.4341650637825,2133.1758034026475
