mode, count, mean, std, min, 25%, 50%, 75%, max
PAM250,10000.0,-5.417424561403508,1.8379491598920559,-10.73684210526316,-6.736842105263153,-5.543859649122808,-4.245614035087719,3.8596491228070167
PAM250NORM,10000.0,4055.988450538185,789.8671408417853,1654.2857142857144,3439.9999999999995,4097.777777777776,4640.000000000001,6107.692307692307
