 ,UU,UC,UA,UG,CU,CC,CA,CG,AU,AC,AA,AG,GU,GC,GA,GG
UU,*,5.2775748721694615,-,-,0.0,-,-,-,0.0,-,-,-,0.8948137326515686,-,-,-
UC,5.2775748721694615,*,-,-,-,0.0,-,-,-,0.2921840759678602,-,-,-,1.479181884587291,-,-
UA,-,-,-,-,-,-,-,-,-,-,-,-,-,-,-,-
UG,-,-,-,-,-,-,-,-,-,-,-,-,-,-,-,-
CU,0.0,-,-,-,*,5.2775748721694615,22.370343316289258,32.21329437545653,0.0,-,-,-,0.8948137326515686,-,-,-
CC,-,0.0,-,-,5.2775748721694615,*,5.916727538349164,11.413440467494521,-,0.2921840759678602,-,-,-,1.479181884587291,-,-
CA,-,-,-,-,22.370343316289258,5.916727538349164,*,0.8948137326515686,-,-,4.674945215485753,-,-,-,38.641344046749445,-
CG,-,-,-,-,32.21329437545653,11.413440467494521,0.8948137326515686,*,-,-,-,4.674945215485753,-,-,-,2.6296566837107345
AU,0.0,-,-,-,0.0,-,-,-,*,8.053323593864132,47.498173849525195,12.34477720964207,0.8948137326515686,-,-,-
AC,-,0.2921840759678602,-,-,-,0.2921840759678602,-,-,8.053323593864132,*,16.43535427319211,0.4565376186997808,-,0.4565376186997808,-,-
AA,-,-,-,-,-,-,4.674945215485753,-,47.498173849525195,16.43535427319211,*,11.413440467494521,-,-,16.43535427319211,-
AG,-,-,-,-,-,-,-,4.674945215485753,12.34477720964207,0.4565376186997808,11.413440467494521,*,-,-,-,0.2921840759678602
GU,0.8948137326515686,-,-,-,0.8948137326515686,-,-,-,0.8948137326515686,-,-,-,*,6.592403214024838,100.0,9.660336011687368
GC,-,1.479181884587291,-,-,-,1.479181884587291,-,-,-,0.4565376186997808,-,-,6.592403214024838,*,55.24105186267347,0.2921840759678602
GA,-,-,-,-,-,-,38.641344046749445,-,-,-,16.43535427319211,-,100.0,55.24105186267347,*,47.498173849525195
GG,-,-,-,-,-,-,-,2.6296566837107345,-,-,-,0.2921840759678602,9.660336011687368,0.2921840759678602,47.498173849525195,*
