 ,UU,UC,UA,UG,CU,CC,CA,CG,AU,AC,AA,AG,GU,GC,GA,GG
UU,-,48.80952380952381,9.761904761904763,9.761904761904763,0.0,-,-,-,4.761904761904762,-,-,-,7.936507936507936,-,-,-
UC,48.80952380952381,-,9.761904761904763,9.761904761904763,-,45.23809523809524,-,-,-,19.047619047619047,-,-,-,16.26984126984127,-,-
UA,9.761904761904763,0.0,-,0.0,-,-,66.66666666666666,-,-,-,22.61904761904762,-,-,-,31.746031746031743,-
UG,9.761904761904763,0.0,0.0,-,-,-,-,100.0,-,-,-,0.0,-,-,-,21.428571428571427
CU,0.0,-,-,-,-,38.888888888888886,8.49206349206349,11.666666666666666,4.761904761904762,-,-,-,7.936507936507936,-,-,-
CC,-,45.23809523809524,-,-,38.888888888888886,-,5.634920634920634,8.333333333333332,-,9.126984126984128,-,-,-,26.984126984126984,-,-
CA,-,-,76.98412698412699,-,8.49206349206349,5.634920634920634,-,25.396825396825395,-,-,23.41269841269841,-,-,-,34.523809523809526,-
CG,-,-,-,87.30158730158729,11.666666666666666,8.333333333333332,25.396825396825395,-,-,-,-,50.0,-,-,-,67.06349206349206
AU,4.761904761904762,-,-,-,4.761904761904762,-,-,-,-,37.69841269841269,11.507936507936508,10.396825396825397,17.46031746031746,-,-,-
AC,-,19.047619047619047,-,-,-,9.126984126984128,-,-,37.69841269841269,-,4.761904761904762,3.8095238095238093,-,40.476190476190474,-,-
AA,-,-,34.92063492063492,-,-,-,23.41269841269841,-,11.507936507936508,4.761904761904762,-,22.61904761904762,-,-,31.746031746031743,-
AG,-,-,-,31.746031746031743,-,-,-,50.0,10.396825396825397,3.8095238095238093,22.61904761904762,-,-,-,-,42.857142857142854
GU,7.936507936507936,-,-,-,7.936507936507936,-,-,-,17.46031746031746,-,-,-,-,35.714285714285715,12.38095238095238,12.063492063492063
GC,-,16.26984126984127,-,-,-,26.984126984126984,-,-,-,40.476190476190474,-,-,35.714285714285715,-,8.49206349206349,5.079365079365079
GA,-,-,44.047619047619044,-,-,-,34.523809523809526,-,-,-,31.746031746031743,-,12.38095238095238,8.49206349206349,-,44.047619047619044
GG,-,-,-,0.0,-,-,-,67.06349206349206,-,-,-,42.857142857142854,12.063492063492063,5.079365079365079,44.047619047619044,-
