 ,UU,UC,UA,UG,CU,CC,CA,CG,AU,AC,AA,AG,GU,GC,GA,GG
UU,-,22.222222222222214,4.444444444444442,4.444444444444442,0.0,-,-,-,0.0,-,-,-,1.6107823800131453,-,-,-
UC,22.222222222222214,-,4.444444444444442,4.444444444444442,-,5.325443786982252,-,-,-,2.662721893491126,-,-,-,0.8218277449046678,-,-
UA,4.444444444444442,0.0,-,0.0,-,-,5.325443786982252,-,-,-,20.545693622616692,-,-,-,99.44115713346481,-
UG,4.444444444444442,0.0,0.0,-,-,-,-,16.831032215647586,-,-,-,0.0,-,-,-,0.5259697567389883
CU,0.0,-,-,-,-,9.500328731097953,8.053911900065746,11.597633136094668,0.0,-,-,-,1.6107823800131453,-,-,-
CC,-,5.325443786982252,-,-,9.500328731097953,-,2.1301775147929005,4.109138724523339,-,0.0,-,-,-,0.5259697567389883,-,-
CA,-,-,12.886259040105196,-,8.053911900065746,2.1301775147929005,-,1.6107823800131453,-,-,8.415516107823793,-,-,-,69.55950032873108,-
CG,-,-,-,100.0,11.597633136094668,4.109138724523339,1.6107823800131453,-,-,-,-,8.415516107823793,-,-,-,4.7337278106508816
AU,0.0,-,-,-,0.0,-,-,-,-,9.500328731097953,17.100591715976325,4.444444444444442,3.2215647600262907,-,-,-
AC,-,2.662721893491126,-,-,-,0.0,-,-,9.500328731097953,-,7.60026298487837,0.5325443786982251,-,1.0519395134779765,-,-
AA,-,-,29.585798816568044,-,-,-,8.415516107823793,-,17.100591715976325,7.60026298487837,-,20.545693622616692,-,-,59.17159763313609,-
AG,-,-,-,99.44115713346481,-,-,-,8.415516107823793,4.444444444444442,0.5325443786982251,20.545693622616692,-,-,-,-,1.0519395134779765
GU,1.6107823800131453,-,-,-,1.6107823800131453,-,-,-,3.2215647600262907,-,-,-,-,6.443129520052598,36.00262984878369,3.477975016436557
GC,-,0.8218277449046678,-,-,-,0.5259697567389883,-,-,-,1.0519395134779765,-,-,6.443129520052598,-,23.66863905325443,0.5325443786982251
GA,-,-,85.50295857988162,-,-,-,69.55950032873108,-,-,-,59.17159763313609,-,36.00262984878369,23.66863905325443,-,85.50295857988162
GG,-,-,-,0.0,-,-,-,4.7337278106508816,-,-,-,1.0519395134779765,3.477975016436557,0.5325443786982251,85.50295857988162,-
