 ,UU,UC,UA,UG,CU,CC,CA,CG,AU,AC,AA,AG,GU,GC,GA,GG
UU,-,0.5929824561403507,0.11859649122807013,0.11859649122807013,0.0,-,-,-,0.0,-,-,-,0.04298245614035079,-,-,-
UC,0.5929824561403507,-,0.11859649122807013,0.11859649122807013,-,0.14210526315789485,-,-,-,0.07105263157894742,-,-,-,0.021929824561403508,-,-
UA,0.11859649122807013,0.0,-,0.0,-,-,0.14210526315789485,-,-,-,0.5482456140350876,-,-,-,2.6535087719298245,-
UG,0.11859649122807013,0.0,0.0,-,-,-,-,0.4491228070175436,-,-,-,0.0,-,-,-,0.01403508771929827
CU,0.0,-,-,-,-,0.25350877192982435,0.2149122807017544,0.3094736842105262,0.0,-,-,-,0.04298245614035079,-,-,-
CC,-,0.14210526315789485,-,-,0.25350877192982435,-,0.05684210526315794,0.10964912280701754,-,0.0,-,-,-,0.01403508771929827,-,-
CA,-,-,0.3438596491228072,-,0.2149122807017544,0.05684210526315794,-,0.04298245614035079,-,-,0.2245614035087718,-,-,-,1.8561403508771925,-
CG,-,-,-,2.6684210526315795,0.3094736842105262,0.10964912280701754,0.04298245614035079,-,-,-,-,0.2245614035087718,-,-,-,0.12631578947368408
AU,0.0,-,-,-,0.0,-,-,-,-,0.25350877192982435,0.4563157894736842,0.11859649122807013,0.08596491228070158,-,-,-
AC,-,0.07105263157894742,-,-,-,0.0,-,-,0.25350877192982435,-,0.20280701754385969,0.014210526315789484,-,0.02807017543859654,-,-
AA,-,-,0.7894736842105263,-,-,-,0.2245614035087718,-,0.4563157894736842,0.20280701754385969,-,0.5482456140350876,-,-,1.5789473684210527,-
AG,-,-,-,2.6535087719298245,-,-,-,0.2245614035087718,0.11859649122807013,0.014210526315789484,0.5482456140350876,-,-,-,-,0.02807017543859654
GU,0.04298245614035079,-,-,-,0.04298245614035079,-,-,-,0.08596491228070158,-,-,-,-,0.1719298245614036,0.960701754385965,0.09280701754385971
GC,-,0.021929824561403508,-,-,-,0.01403508771929827,-,-,-,0.02807017543859654,-,-,0.1719298245614036,-,0.631578947368421,0.014210526315789484
GA,-,-,2.2815789473684207,-,-,-,1.8561403508771925,-,-,-,1.5789473684210527,-,0.960701754385965,0.631578947368421,-,2.2815789473684207
GG,-,-,-,0.0,-,-,-,0.12631578947368408,-,-,-,0.02807017543859654,0.09280701754385971,0.014210526315789484,2.2815789473684207,-
