 ,UU,UC,UA,UG,CU,CC,CA,CG,AU,AC,AA,AG,GU,GC,GA,GG
UU,-,45.30291196172319,1.417828935277905,1.417828935277905,79.16211057491286,-,-,-,37.61343544000692,-,-,-,41.21050253465126,-,-,-
UC,44.30388352710871,-,1.2180232483550089,1.2180232483550089,-,91.62593836454151,-,-,-,40.56382671807193,-,-,-,41.68241949717347,-,-
UA,1.2180232483550089,0.0,-,38.213767285333674,-,-,98.54421910150172,-,-,-,43.636786246147935,-,-,-,41.43320920114915,-
UG,1.2180232483550089,0.0,38.213767285333674,-,-,-,-,99.2303400691819,-,-,-,38.213767285333674,-,-,-,43.37616173809196
CU,79.16211057491286,-,-,-,-,42.90227381660728,1.3513510550620556,1.2559133700707708,37.61343544000692,-,-,-,41.21050253465126,-,-,-
CC,-,100.0,-,-,45.44561445021625,-,1.4790904860875942,1.4891585024294645,-,45.438902439321666,-,-,-,45.32479825411381,-,-
CA,-,-,97.620725466664,-,0.9723131968950981,0.8638379926481884,-,44.3730427684685,-,-,41.711074566090346,-,-,-,42.01720090936384,-
CG,-,-,-,96.20193027983723,0.8693618974350636,0.7658111044322682,44.183762951141574,-,-,-,-,44.392750135805784,-,-,-,44.8170098339963
AU,40.38803701027713,-,-,-,40.38803701027713,-,-,-,-,43.23563884334878,1.4173115602219144,1.4409599489093405,80.13552107337316,-,-,-
AC,-,43.41628383585681,-,-,-,42.963376822709655,-,-,42.93243286528966,-,1.2364348223139423,1.0405033101046282,-,97.16382805910413,-,-
AA,-,-,43.84432977090286,-,-,-,43.82317594633739,-,1.2418147201718712,0.9631360748095165,-,44.22693807608681,-,-,81.24613106564055,-
AG,-,-,-,41.43320920114915,-,-,-,44.83844912392424,1.300586048717266,0.4700118865476536,43.636786246147935,-,-,-,-,96.30576529751734
GU,41.711692036006255,-,-,-,41.711692036006255,-,-,-,77.69097779297111,-,-,-,-,44.43907439282329,1.35147979986126,1.457898178224596
GC,-,44.11006592651538,-,-,-,41.01854919416149,-,-,-,97.93736883880922,-,-,43.50495979043702,-,1.1367665827174613,1.1006380493027288
GA,-,-,44.11301449844991,-,-,-,44.45885772475523,-,-,-,90.7891646803632,-,1.3762723715402831,1.2148343558633994,-,44.11301449844991
GG,-,-,-,9.174304316308787,-,-,-,45.46133921373773,-,-,-,98.75115497030964,1.4044288771888078,0.9229240150340441,44.124464971213754,-
