 ,UU,UC,UA,UG,CU,CC,CA,CG,AU,AC,AA,AG,GU,GC,GA,GG
UU,-,0.08708254236313556,0.017416508472627112,0.017416508472627112,0.14083283552472045,-,-,-,0.07487576741777786,-,-,-,0.0805859855794005,-,-,-
UC,0.08549661967634256,-,0.01709932393526851,0.01709932393526851,-,0.1606187260669461,-,-,-,0.07955941034592448,-,-,-,0.08133513724637506,-,-
UA,0.01709932393526851,0.015165754643666774,-,0.07582877321833388,-,-,0.17160125468594598,-,-,-,0.08443762608264982,-,-,-,0.0809395246205944,-
UG,0.01709932393526851,0.015165754643666774,0.07582877321833388,-,-,-,-,0.1726904477167212,-,-,-,0.07582877321833388,-,-,-,0.08402389379461966
CU,0.14083283552472045,-,-,-,-,0.08327161329925042,0.017310977163656004,0.01715947317782492,0.07487576741777786,-,-,-,0.0805859855794005,-,-,-
CC,-,0.17391225592868764,-,-,0.08730907757086495,-,0.01751375904117044,0.017529741664861962,-,0.08729842248840393,-,-,-,0.08711728608656667,-,-
CA,-,-,0.17013524085105122,-,0.01670926782527028,0.01653706723376653,-,0.0856064075523165,-,-,0.0813806261657214,-,-,-,0.08186659102517985,-
CG,-,-,-,0.16788295313156346,0.01654583623935001,0.016381452978405178,0.08530593246467132,-,-,-,-,0.08563769230845981,-,-,-,0.08631118973569965
AU,0.07928035033518106,-,-,-,0.07928035033518106,-,-,-,-,0.08380081861571044,0.017415687157827205,0.017453228147478777,0.14237809063416726,-,-,-
AC,-,0.08408758622106352,-,-,-,0.08336861218361792,-,-,0.08331948973385456,-,0.017128551664759822,0.016817517244212703,-,0.16940993220208797,-,-
AA,-,-,0.08476709416684187,-,-,-,0.08473351321045623,-,0.017137092064381992,0.016694699465040763,-,0.08537447146494731,-,-,0.14414114513981358,-
AG,-,-,-,0.0809395246205944,-,-,-,0.0863452238583606,0.01723038949220653,0.015911882069184896,0.08443762608264982,-,-,-,-,0.16804778758923933
GU,0.0813816063776094,-,-,-,0.0813816063776094,-,-,-,0.13849746370413096,-,-,-,-,0.08571123044572138,0.017311181541520327,0.01748011699389638
GC,-,0.08518894101652608,-,-,-,0.08028126636727326,-,-,-,0.17063790112588267,-,-,0.0842283561964407,-,0.016970331821508037,0.01691297903874656
GA,-,-,0.08519362177131,-,-,-,0.08574263579300094,-,-,-,0.15929037711963925,-,0.017350538881639357,0.01709426168000834,-,0.08519362177131
GG,-,-,-,0.02972964176304763,-,-,-,0.08733404008279064,-,-,-,0.17192975813758232,0.01739523634924051,0.01663086422705256,0.08521179899620321,-
