mode, count, mean, std, min, 25%, 50%, 75%, max
amino-acid,10000.0,69.9539957699358,0.9946574413201167,68.1946732369881,69.12781549745962,69.50826816498852,71.00871549197294,71.91749515982414
amino-acidNORM,10000.0,5766.573053303948,263.5081080031762,4287.728424588611,5655.790976081946,5804.873005925403,5931.5633771745615,6365.033070307611
