mode, count, mean, std, min, 25%, 50%, 75%, max
Koonin,10000.0,735.4427299999999,93.65622058183023,413.4000000000001,671.1299999999998,738.1800000000002,800.165,995.9600000000002
KooninNORM,10000.0,1193.9795114257147,174.1499138206042,718.640451150739,1079.6143880506015,1176.192653558909,1282.28166438043,2093.95041322314
