mode, count, mean, std, min, 25%, 50%, 75%, max
SeqPredNN,10000.0,69.95439010580495,0.9955069469904124,68.06540153757169,69.12558573632631,69.50637159520427,71.00466710281528,71.9451603180798
SeqPredNNNORM,10000.0,5761.4151676773,262.9653805156694,4329.506167988877,5653.5319894500235,5794.993460028178,5929.306180519362,6330.370195349828
