mode, count, mean, std, min, 25%, 50%, 75%, max
Higgs,10000.0,6900.8436,378.1256688472553,5530.0,6646.0,6916.0,7166.0,8124.0
HiggsNORM,10000.0,4054.846883707933,234.5508175307673,3210.191082802548,3891.12426035503,4059.0899497699547,4219.07613344739,4804.848484848485
