mode, count, mean, std, min, 25%, 50%, 75%, max
PAM250,10000.0,-68.5336,17.54187113064852,-122.0,-82.0,-70.0,-56.0,-10.0
PAM250NORM,10000.0,3445.5717460317464,430.87704841775957,1900.0,3080.0,3475.0,3771.428571428572,4766.666666666668
