 ,UU,UC,UA,UG,CU,CC,CA,CG,AU,AC,AA,AG,GU,GC,GA,GG
UU,*,96.9230071460782,-,-,6.346127192369782,-,-,-,30.581754135395517,-,-,-,61.615588174456846,-,-,-
UC,88.30385108799678,*,-,-,-,60.11220285032491,-,-,-,56.03636781499295,-,-,-,65.68706983153737,-,-
UA,-,-,-,-,-,-,-,-,-,-,-,-,-,-,-,-
UG,-,-,-,-,-,-,-,-,-,-,-,-,-,-,-,-
CU,6.346127192369782,-,-,-,*,76.2114096631478,94.05530486585253,89.9383434648523,30.581754135395517,-,-,-,61.615588174456846,-,-,-
CC,-,96.23597149153579,-,-,98.15417832758001,*,99.56568901825413,100.0,-,98.09627019668059,-,-,-,97.11183197138995,-,-
CA,-,-,-,-,77.70448671960699,73.02511683662081,*,88.90052508994208,-,-,65.93429253540855,-,-,-,68.57540927917994,-
CG,-,-,-,-,73.2634053365194,68.79646318600092,87.26750622114933,*,-,-,-,89.07055115595647,-,-,-,92.73086794090331
AU,54.51973538253103,-,-,-,54.51973538253103,-,-,-,*,79.08752919111731,96.90068878058615,97.9208256733751,10.545195359054048,-,-,-
AC,-,80.64605077828165,-,-,-,76.73857818705231,-,-,76.47160801001178,*,89.09808388322341,80.64605077828165,-,84.00138050335904,-,-
AA,-,-,-,-,-,-,84.15652803550566,-,89.33016025666483,77.30860685933953,*,87.64000126416956,-,-,15.33611046784731,-
AG,-,-,-,-,-,-,-,92.915836235359,91.86541968934058,56.03636781499295,82.54844376293747,*,-,-,-,80.29989584411675
GU,65.93961978074209,-,-,-,65.93961978074209,-,-,-,0.0,-,-,-,*,89.47021545646517,94.06085861926712,98.65150178206913
GC,-,86.63168232038662,-,-,-,59.959503382245806,-,-,-,87.33825684569311,-,-,81.41110597055066,*,84.79862612330578,83.24012459891549
GA,-,-,-,-,-,-,89.64089690992752,-,-,-,56.50255435617978,-,95.13035292482782,88.16628962785565,*,86.65712123761021
GG,-,-,-,-,-,-,-,98.28984432673687,-,-,-,90.84874234454242,96.3449595757813,75.57395143506504,86.7559106296544,*
