 ,UU,UC,UA,UG,CU,CC,CA,CG,AU,AC,AA,AG,GU,GC,GA,GG
UU,*,10.789473684210526,-,-,0.0,-,-,-,1.0526315789473684,-,-,-,1.7543859649122806,-,-,-
UC,10.789473684210526,*,-,-,-,10.0,-,-,-,4.2105263157894735,-,-,-,3.596491228070175,-,-
UA,-,-,-,-,-,-,-,-,-,-,-,-,-,-,-,-
UG,-,-,-,-,-,-,-,-,-,-,-,-,-,-,-,-
CU,0.0,-,-,-,*,8.596491228070175,1.8771929824561402,2.5789473684210527,1.0526315789473684,-,-,-,1.7543859649122806,-,-,-
CC,-,10.0,-,-,8.596491228070175,*,1.2456140350877192,1.8421052631578947,-,2.017543859649123,-,-,-,5.964912280701754,-,-
CA,-,-,-,-,1.8771929824561402,1.2456140350877192,*,5.614035087719298,-,-,5.175438596491228,-,-,-,7.63157894736842,-
CG,-,-,-,-,2.5789473684210527,1.8421052631578947,5.614035087719298,*,-,-,-,11.052631578947368,-,-,-,14.82456140350877
AU,1.0526315789473684,-,-,-,1.0526315789473684,-,-,-,*,8.333333333333332,2.543859649122807,2.2982456140350878,3.859649122807017,-,-,-
AC,-,4.2105263157894735,-,-,-,2.017543859649123,-,-,8.333333333333332,*,1.0526315789473684,0.8421052631578947,-,8.947368421052632,-,-
AA,-,-,-,-,-,-,5.175438596491228,-,2.543859649122807,1.0526315789473684,*,5.0,-,-,7.017543859649122,-
AG,-,-,-,-,-,-,-,11.052631578947368,2.2982456140350878,0.8421052631578947,5.0,*,-,-,-,9.473684210526315
GU,1.7543859649122806,-,-,-,1.7543859649122806,-,-,-,3.859649122807017,-,-,-,*,7.894736842105263,2.7368421052631575,2.6666666666666665
GC,-,3.596491228070175,-,-,-,5.964912280701754,-,-,-,8.947368421052632,-,-,7.894736842105263,*,1.8771929824561402,1.1228070175438596
GA,-,-,-,-,-,-,7.63157894736842,-,-,-,7.017543859649122,-,2.7368421052631575,1.8771929824561402,*,9.736842105263158
GG,-,-,-,-,-,-,-,14.82456140350877,-,-,-,9.473684210526315,2.6666666666666665,1.1228070175438596,9.736842105263158,*
