 ,UU,UC,UA,UG,CU,CC,CA,CG,AU,AC,AA,AG,GU,GC,GA,GG
UU,*,64.49704142011834,-,-,7.100591715976331,-,-,-,7.100591715976331,-,-,-,13.017751479289942,-,-,-
UC,64.49704142011834,*,-,-,-,13.609467455621301,-,-,-,40.23668639053255,-,-,-,33.72781065088758,-,-
UA,-,-,-,-,-,-,-,-,-,-,-,-,-,-,-,-
UG,-,-,-,-,-,-,-,-,-,-,-,-,-,-,-,-
CU,7.100591715976331,-,-,-,*,50.29585798816568,63.31360946745562,86.98224852071006,0.0,-,-,-,11.834319526627219,-,-,-
CC,-,13.609467455621301,-,-,50.29585798816568,*,36.68639053254438,63.31360946745562,-,30.17751479289941,-,-,-,28.402366863905325,-,-
CA,-,-,-,-,63.31360946745562,36.68639053254438,*,37.8698224852071,-,-,34.9112426035503,-,-,-,51.4792899408284,-
CG,-,-,-,-,86.98224852071006,63.31360946745562,37.8698224852071,*,-,-,-,74.55621301775149,-,-,-,100.0
AU,7.100591715976331,-,-,-,0.0,-,-,-,*,57.98816568047337,79.88165680473372,72.7810650887574,11.834319526627219,-,-,-
AC,-,40.23668639053255,-,-,-,30.17751479289941,-,-,57.98816568047337,*,52.071005917159766,24.2603550295858,-,24.2603550295858,-,-
AA,-,-,-,-,-,-,34.9112426035503,-,79.88165680473372,52.071005917159766,*,33.72781065088758,-,-,23.668639053254438,-
AG,-,-,-,-,-,-,-,74.55621301775149,72.7810650887574,24.2603550295858,33.72781065088758,*,-,-,-,31.952662721893493
GU,13.017751479289942,-,-,-,11.834319526627219,-,-,-,11.834319526627219,-,-,-,*,70.41420118343196,92.3076923076923,89.94082840236686
GC,-,33.72781065088758,-,-,-,28.402366863905325,-,-,-,24.2603550295858,-,-,70.41420118343196,*,47.337278106508876,31.952662721893493
GA,-,-,-,-,-,-,51.4792899408284,-,-,-,23.668639053254438,-,92.3076923076923,47.337278106508876,*,65.68047337278107
GG,-,-,-,-,-,-,-,100.0,-,-,-,31.952662721893493,89.94082840236686,31.952662721893493,65.68047337278107,*
