 ,UU,UC,CU,CC,CA,CG,AU,AC,AA,AG,GU,GC,GA,GG
UU,*,25.990003844675126,0.0,-,-,-,0.0,-,-,-,1.8838908112264476,-,-,-
UC,25.990003844675126,*,-,6.228373702422151,-,-,-,3.1141868512110755,-,-,-,0.9611687812379855,-,-
CU,0.0,-,*,11.111111111111104,9.419454056132258,13.564013840830446,0.0,-,-,-,1.8838908112264476,-,-,-
CC,-,6.228373702422151,11.111111111111104,*,2.4913494809688603,4.805843906189927,-,0.0,-,-,-,0.6151480199923118,-,-
CA,-,-,9.419454056132258,2.4913494809688603,*,1.8838908112264476,-,-,9.842368319876966,-,-,-,81.35332564398308,-
CG,-,-,13.564013840830446,4.805843906189927,1.8838908112264476,*,-,-,-,9.842368319876966,-,-,-,5.53633217993079
AU,0.0,-,0.0,-,-,-,*,11.111111111111104,20.0,5.198000768935024,3.7677816224528953,-,-,-
AC,-,3.1141868512110755,-,0.0,-,-,11.111111111111104,*,8.888888888888893,0.6228373702422151,-,1.2302960399846237,-,-
AA,-,-,-,-,9.842368319876966,-,20.0,8.888888888888893,*,24.029219530949636,-,-,69.20415224913496,-
AG,-,-,-,-,-,9.842368319876966,5.198000768935024,0.6228373702422151,24.029219530949636,*,-,-,-,1.2302960399846237
GU,1.8838908112264476,-,1.8838908112264476,-,-,-,3.7677816224528953,-,-,-,*,7.53556324490581,42.10688196847367,4.067666282199157
GC,-,0.9611687812379855,-,0.6151480199923118,-,-,-,1.2302960399846237,-,-,7.53556324490581,*,27.68166089965398,0.6228373702422151
GA,-,-,-,-,81.35332564398308,-,-,-,69.20415224913496,-,42.10688196847367,27.68166089965398,*,100.0
GG,-,-,-,-,-,5.53633217993079,-,-,-,1.2302960399846237,4.067666282199157,0.6228373702422151,100.0,*
