 ,UU,UC,UA,UG,CU,CC,CA,CG,AU,AC,AA,AG,GU,GC,GA,GG
UU,*,62.5,-,-,100.0,-,-,-,62.5,-,-,-,43.74999999999999,-,-,-
UC,62.5,*,-,-,-,37.5,-,-,-,75.0,-,-,-,50.0,-,-
UA,-,-,-,-,-,-,-,-,-,-,-,-,-,-,-,-
UG,-,-,-,-,-,-,-,-,-,-,-,-,-,-,-,-
CU,100.0,-,-,-,*,62.5,63.74999999999999,61.25000000000001,62.5,-,-,-,43.74999999999999,-,-,-
CC,-,37.5,-,-,62.5,*,61.25000000000001,66.25000000000001,-,43.74999999999999,-,-,-,62.5,-,-
CA,-,-,-,-,63.74999999999999,61.25000000000001,*,50.0,-,-,62.5,-,-,-,62.5,-
CG,-,-,-,-,61.25000000000001,66.25000000000001,50.0,*,-,-,-,50.0,-,-,-,43.74999999999999
AU,62.5,-,-,-,62.5,-,-,-,*,43.74999999999999,61.25000000000001,60.0,0.0,-,-,-
AC,-,75.0,-,-,-,43.74999999999999,-,-,43.74999999999999,*,58.74999999999999,65.0,-,37.5,-,-
AA,-,-,-,-,-,-,62.5,-,61.25000000000001,58.74999999999999,*,50.0,-,-,87.49999999999999,-
AG,-,-,-,-,-,-,-,50.0,60.0,65.0,50.0,*,-,-,-,25.0
GU,43.74999999999999,-,-,-,43.74999999999999,-,-,-,0.0,-,-,-,*,50.0,56.25,56.25
GC,-,50.0,-,-,-,62.5,-,-,-,37.5,-,-,50.0,*,66.25000000000001,60.0
GA,-,-,-,-,-,-,62.5,-,-,-,87.49999999999999,-,56.25,66.25000000000001,*,56.25
GG,-,-,-,-,-,-,-,43.74999999999999,-,-,-,25.0,56.25,60.0,56.25,*
