 ,UU,UC,UA,UG,CU,CC,CA,CG,AU,AC,AA,AG,GU,GC,GA,GG
UU,*,45.04461512049149,-,-,79.06370751161506,-,-,-,37.318826473806254,-,-,-,40.93288004984417,-,-,-
UC,44.04086895961011,*,-,-,-,91.5863934134976,-,-,-,40.283150426806145,-,-,-,41.40702555258882,-,-
UA,-,-,-,-,-,-,-,-,-,-,-,-,-,-,-,-
UG,-,-,-,-,-,-,-,-,-,-,-,-,-,-,-,-
CU,79.06370751161506,-,-,-,*,42.63264040752411,0.8855011290765756,0.7896127573403133,37.318826473806254,-,-,-,40.93288004984417,-,-,-
CC,-,100.0,-,-,45.18799149498719,*,1.0138437858444345,1.023959346523889,-,45.18124778786755,-,-,-,45.06660476683373,-,-
CA,-,-,-,-,0.5046733350102293,0.3956858767546722,*,44.11035479264463,-,-,41.43581593974751,-,-,-,41.74338790783069,-
CG,-,-,-,-,0.4012358671561367,0.2971960747623507,43.920181136528875,*,-,-,-,44.13015522436458,-,-,-,44.556418410196486
AU,40.10653058475972,-,-,-,40.10653058475972,-,-,-,*,42.96757968869986,0.9517731204734518,0.9755331842850437,80.04171476039593,-,-,-
AC,-,43.14907774363996,-,-,-,42.69403196122622,-,-,42.66294187671348,*,0.7700422257587912,0.5731854633667617,-,97.15043476377896,-,-
AA,-,-,-,-,-,-,43.55789132655406,-,0.7754475291853289,0.495452875669753,*,43.96356014798421,-,-,81.157569402116,-
AG,-,-,-,-,-,-,-,44.57795894318991,0.8344963944161801,0.0,43.37062143561727,*,-,-,-,96.28831996013938
GU,41.43643632555044,-,-,-,41.43643632555044,-,-,-,77.58562757829405,-,-,-,*,44.17669823908362,0.8856304818491869,0.9925514012428794
GC,-,43.84613609138913,-,-,-,40.740020245348894,-,-,-,97.9276284461728,-,-,43.238172453948906,*,0.6699033214088067,0.6336041777039465
GA,-,-,-,-,-,-,44.19657499412693,-,-,-,90.74566822098126,-,0.9105401318440836,0.7483397551165553,*,43.84909858740706
GG,-,-,-,-,-,-,-,45.20379051578436,-,-,-,98.74525753156243,0.9388296013619836,0.4550509219092085,43.860603132902234,*
