 ,UU,UC,UA,UG,CU,CC,CA,CG,AU,AC,AA,AG,GU,GC,GA,GG
UU,*,43.28760147822638,-,-,89.87674287757251,-,-,-,39.82884134574524,-,-,-,34.72098252451573,-,-,-
UC,45.064513277609066,*,-,-,-,100.0,-,-,-,44.77612257165265,-,-,-,44.67438707479922,-,-
UA,-,-,-,-,-,-,-,-,-,-,-,-,-,-,-,-
UG,-,-,-,-,-,-,-,-,-,-,-,-,-,-,-,-
CU,84.31571467305555,-,-,-,*,43.381515220427694,0.7089702381466452,0.6133291804003513,34.23324013165178,-,-,-,40.65305950147885,-,-,-
CC,-,95.0383983334793,-,-,42.98053309379133,*,0.6662595214929923,0.6601984960944773,-,43.25327923672451,-,-,-,42.86354120819208,-,-
CA,-,-,-,-,0.3291246699700083,0.25543109512135176,*,43.822338944448504,-,-,41.15469822594516,-,-,-,41.46147690857305,-
CG,-,-,-,-,0.22595398663236987,0.17682395057250425,43.632655781651486,*,-,-,-,43.84208830716308,-,-,-,44.26725208075807
AU,37.04832724348675,-,-,-,34.23324013165178,-,-,-,*,43.21518294608631,0.6878321782824288,0.7755897792760833,91.52517918903973,-,-,-
AC,-,40.460697118379834,-,-,-,43.640873814210565,-,-,41.76353311027155,*,0.6215857893591246,0.5365121936322871,-,97.33666361106108,-,-
AA,-,-,-,-,-,-,43.27130038464883,-,0.5368941481699808,0.48325170851776234,*,43.67592291054787,-,-,80.77400187965131,-
AG,-,-,-,-,-,-,-,44.288737056700484,0.5753583168011117,0.049948270047017254,43.08451349767894,*,-,-,-,95.86572741071923
GU,33.49610628686604,-,-,-,41.155317011657424,-,-,-,92.52969420939688,-,-,-,*,44.85436452239605,0.7090992572943368,0.8157444077005332
GC,-,40.47843391163813,-,-,-,40.00500565228665,-,-,-,92.47102437520837,-,-,43.704736291138055,*,0.0,0.3894185735981029
GA,-,-,-,-,-,-,43.90833676795464,-,-,-,90.33737120387431,-,0.7339446606572655,0.498430702168027,*,43.561756567677854
GG,-,-,-,-,-,-,-,44.91295449297721,-,-,-,98.31632808202717,0.7621611663584494,0.6344786407288955,43.57323144080507,*
