 ,UU,UC,UA,UG,CU,CC,CA,CG,AU,AC,AA,AG,GU,GC,GA,GG
UU,*,84.63996122539116,-,-,54.741634383598516,-,-,-,54.741634383598516,-,-,-,10.588115015575077,-,-,-
UC,100.0,*,-,-,-,98.49552863424198,-,-,-,97.50708367896132,-,-,-,96.62765838786605,-,-
UA,-,-,-,-,-,-,-,-,-,-,-,-,-,-,-,-
UG,-,-,-,-,-,-,-,-,-,-,-,-,-,-,-,-
CU,30.706223937861026,-,-,-,*,85.45177345050098,94.43811630190211,90.30439859025758,6.371956358171003,-,-,-,61.866367775094425,-,-,-
CC,-,77.05090937728222,-,-,81.98559070851047,*,92.592109471064,92.3301449065667,-,84.34327178898619,-,-,-,80.97428564556738,-,-
CA,-,-,-,-,78.02074922272742,74.83562723887846,*,89.26235622454722,-,-,66.20264955414761,-,-,-,68.8545158212436,-
CG,-,-,-,-,73.56159233880234,71.43813505988837,87.62269085879025,*,-,-,-,89.43307430812072,-,-,-,93.10828882931797
AU,30.706223937861026,-,-,-,6.371956358171003,-,-,-,*,84.01395859427683,93.52450477867636,97.31749032387188,61.866367775094425,-,-,-
AC,-,60.20354260605476,-,-,-,87.69372944314897,-,-,71.4655598650796,*,90.66125882889634,86.9842791118569,-,86.9842791118569,-,-
AA,-,-,-,-,-,-,84.49905078205535,-,87.00078763105057,84.68229902258688,*,87.99670198176518,-,-,15.398529472070251,-
AG,-,-,-,-,-,-,-,93.29400995721059,88.66325371916062,65.95442063719331,82.88442149801173,*,-,-,-,80.62672183746781
GU,0.0,-,-,-,66.20799848172906,-,-,-,66.20799848172906,-,-,-,*,98.18342529458735,94.44369265946779,99.0530200496406
GC,-,60.3568635712705,-,-,-,56.264439612377004,-,-,-,65.95442063719331,-,-,88.24577154348832,*,63.79559833404542,80.62672183746781
GA,-,-,-,-,-,-,90.00574140778764,-,-,-,56.73252356423678,-,95.51753987900332,85.33835277581375,*,87.00982156718979
GG,-,-,-,-,-,-,-,98.68989062406666,-,-,-,91.2185028548062,96.73709006096709,91.2185028548062,87.10901303872421,*
