model, count, mean, std, min, 25%, 50%, 75%, max
amino-acid,100.0,497.27039024314405,2.3249296271155306,491.3867875016883,495.5853945497557,497.4315923044011,499.014567488885,503.01194927776925
amino-acidNORM,100.0,48580.198096431166,1641.242562346298,43027.00601634237,48672.33410808359,49147.63453249735,49426.061834552966,49998.585136080575
