model, count, mean, std, min, 25%, 50%, 75%, max
Higgs,100.0,5581.572631578951,167.17604493197726,4969.859649122805,5490.27192982456,5586.561403508771,5681.13157894737,5903.508771929815
HiggsNORM,100.0,18130.438361575027,1287.6013921293418,14876.29999999999,17740.34298885372,18503.197674418603,18941.16279069771,20387.8527607362
