model, count, mean, std, min, 25%, 50%, 75%, max
Koonin,100.0,573.6141052631575,42.885770401471234,451.85298245613984,547.9605263157885,579.3231578947366,601.9748245614034,661.9312280701748
KooninNORM,100.0,5134.818725235364,376.1099299881839,4231.638469745468,4906.119493979573,5128.361530254531,5356.468526139299,6269.28780131483
