model, count, mean, std, min, 25%, 50%, 75%, max
neutral,100.0,58.09789473684216,0.14152398271565228,58.000000000000036,58.00000000000006,58.000000000000064,58.17543859649129,58.38596491228074
neutralNORM,100.0,30985.777777777883,80.12460678558874,30933.33333333343,30933.333333333434,30933.333333333434,31022.222222222324,31133.333333333434
