model, count, mean, std, min, 25%, 50%, 75%, max
PAM250,100.0,-63.44631578947372,10.486243744886506,-88.7719298245615,-69.4561403508772,-63.9122807017544,-58.68421052631582,-28.350877192982487
PAM250NORM,100.0,21697.888431789408,3337.7745823010832,12206.086956521753,19775.3125,22223.52941176474,24023.5714285714,27427.142857142906
