model, count, mean, std, min, 25%, 50%, 75%, max
SeqPredNN,100.0,55.29942536819018,0.2835382459754396,54.62046611008765,55.12084931754317,55.336612875570346,55.44898243319077,55.96233229736517
SeqPredNNNORM,100.0,30333.5291221209,591.1755119098469,29401.314061946745,29879.175694710022,30108.005861696503,30880.396209624563,31660.57375403551
